{"nmax": 0.05433709855902636, "a": 0.6189252332875376, "vmax": 2.661130173148356e-06, "A1": 0.6928759341730533, "E1": 12.281209802737191, "A2": 0.010165798116084718, "E2": 14.069955615654392, "rssr": 3.125738006287691}